sparql_neg,ques_neg,type
SELECT ?answer WHERE { wd:Q49243 wdt:P47 ?answer . MINUS { ?answer wdt:P571 ?x FILTER(YEAR(?x) >= 1846 && YEAR(?x) <=2122) }},Which Borders of borders of Riverside don't have a start date of between 1846 and 2122 ,num
SELECT ?answer WHERE { wd:Q49243 wdt:P47 ?answer . MINUS { ?answer wdt:P571 ?x FILTER(YEAR(?x) >= 2122) }},Which Borders of borders of Riverside don't have a start date of after 2122 ,num
SELECT ?answer WHERE { wd:Q49243 wdt:P47 ?answer . MINUS { ?answer wdt:P571 ?x FILTER(YEAR(?x) <= 1846) }},Which Borders of borders of Riverside don't have a start date of before 1846 ,num
SELECT ?answer WHERE { wd:Q49243 wdt:P47 ?answer . MINUS { ?answer wdt:P571 ?x FILTER(YEAR(?x) >= 1707 && YEAR(?x) <=2261) }},Which Borders of borders of Riverside don't have a start date of between 1707 and 2261 ,num
SELECT ?answer WHERE { wd:Q49243 wdt:P47 ?answer . MINUS { ?answer wdt:P571 ?x FILTER(YEAR(?x) >= 2261) }},Which Borders of borders of Riverside don't have a start date of after 2261 ,num
SELECT ?answer WHERE { wd:Q49243 wdt:P47 ?answer . MINUS { ?answer wdt:P571 ?x FILTER(YEAR(?x) <= 1707) }},Which Borders of borders of Riverside don't have a start date of before 1707 ,num
SELECT ?answer WHERE { wd:Q49243 wdt:P47 ?answer . MINUS { ?answer wdt:P571 ?x FILTER(YEAR(?x) >= 1568 && YEAR(?x) <=2400) }},Which Borders of borders of Riverside don't have a start date of between 1568 and 2400 ,num
SELECT ?answer WHERE { wd:Q49243 wdt:P47 ?answer . MINUS { ?answer wdt:P571 ?x FILTER(YEAR(?x) >= 2400) }},Which Borders of borders of Riverside don't have a start date of after 2400 ,num
SELECT ?answer WHERE { wd:Q49243 wdt:P47 ?answer . MINUS { ?answer wdt:P571 ?x FILTER(YEAR(?x) <= 1568) }},Which Borders of borders of Riverside don't have a start date of before 1568 ,num
SELECT ?answer WHERE { wd:Q49243 wdt:P47 ?answer . MINUS { ?answer wdt:P571 ?x FILTER(YEAR(?x) >= 1429 && YEAR(?x) <=2539) }},Which Borders of borders of Riverside don't have a start date of between 1429 and 2539 ,num
SELECT ?answer WHERE { wd:Q49243 wdt:P47 ?answer . MINUS { ?answer wdt:P571 ?x FILTER(YEAR(?x) >= 2539) }},Which Borders of borders of Riverside don't have a start date of after 2539 ,num
SELECT ?answer WHERE { wd:Q49243 wdt:P47 ?answer . MINUS { ?answer wdt:P571 ?x FILTER(YEAR(?x) <= 1429) }},Which Borders of borders of Riverside don't have a start date of before 1429 ,num
SELECT ?answer WHERE { wd:Q49243 wdt:P47 ?answer . MINUS { ?answer wdt:P571 ?x FILTER(YEAR(?x) >= 1290 && YEAR(?x) <=2678) }},Which Borders of borders of Riverside don't have a start date of between 1290 and 2678 ,num
SELECT ?answer WHERE { wd:Q49243 wdt:P47 ?answer . MINUS { ?answer wdt:P571 ?x FILTER(YEAR(?x) >= 2678) }},Which Borders of borders of Riverside don't have a start date of after 2678 ,num
SELECT ?answer WHERE { wd:Q49243 wdt:P47 ?answer . MINUS { ?answer wdt:P571 ?x FILTER(YEAR(?x) <= 1290) }},Which Borders of borders of Riverside don't have a start date of before 1290 ,num
SELECT ?answer WHERE { wd:Q203736 wdt:P166 ?answer . MINUS { ?answer wdt:P1619 ?x FILTER(YEAR(?x) >= 1845 && YEAR(?x) <=2121) }},What was the award won by Cream That wasn't introduced in between 1845 and 2121 ,num
SELECT ?answer WHERE { wd:Q203736 wdt:P166 ?answer . MINUS { ?answer wdt:P1619 ?x FILTER(YEAR(?x) >= 2121) }},What was the award won by Cream That wasn't introduced in after 2121 ,num
SELECT ?answer WHERE { wd:Q203736 wdt:P166 ?answer . MINUS { ?answer wdt:P1619 ?x FILTER(YEAR(?x) <= 1845) }},What was the award won by Cream That wasn't introduced in before 1845 ,num
SELECT ?answer WHERE { wd:Q203736 wdt:P166 ?answer . MINUS { ?answer wdt:P1619 ?x FILTER(YEAR(?x) >= 1706 && YEAR(?x) <=2260) }},What was the award won by Cream That wasn't introduced in between 1706 and 2260 ,num
SELECT ?answer WHERE { wd:Q203736 wdt:P166 ?answer . MINUS { ?answer wdt:P1619 ?x FILTER(YEAR(?x) >= 2260) }},What was the award won by Cream That wasn't introduced in after 2260 ,num
SELECT ?answer WHERE { wd:Q203736 wdt:P166 ?answer . MINUS { ?answer wdt:P1619 ?x FILTER(YEAR(?x) <= 1706) }},What was the award won by Cream That wasn't introduced in before 1706 ,num
SELECT ?answer WHERE { wd:Q203736 wdt:P166 ?answer . MINUS { ?answer wdt:P1619 ?x FILTER(YEAR(?x) >= 1567 && YEAR(?x) <=2399) }},What was the award won by Cream That wasn't introduced in between 1567 and 2399 ,num
SELECT ?answer WHERE { wd:Q203736 wdt:P166 ?answer . MINUS { ?answer wdt:P1619 ?x FILTER(YEAR(?x) >= 2399) }},What was the award won by Cream That wasn't introduced in after 2399 ,num
SELECT ?answer WHERE { wd:Q203736 wdt:P166 ?answer . MINUS { ?answer wdt:P1619 ?x FILTER(YEAR(?x) <= 1567) }},What was the award won by Cream That wasn't introduced in before 1567 ,num
SELECT ?answer WHERE { wd:Q203736 wdt:P166 ?answer . MINUS { ?answer wdt:P1619 ?x FILTER(YEAR(?x) >= 1428 && YEAR(?x) <=2538) }},What was the award won by Cream That wasn't introduced in between 1428 and 2538 ,num
SELECT ?answer WHERE { wd:Q203736 wdt:P166 ?answer . MINUS { ?answer wdt:P1619 ?x FILTER(YEAR(?x) >= 2538) }},What was the award won by Cream That wasn't introduced in after 2538 ,num
SELECT ?answer WHERE { wd:Q203736 wdt:P166 ?answer . MINUS { ?answer wdt:P1619 ?x FILTER(YEAR(?x) <= 1428) }},What was the award won by Cream That wasn't introduced in before 1428 ,num
SELECT ?answer WHERE { wd:Q203736 wdt:P166 ?answer . MINUS { ?answer wdt:P1619 ?x FILTER(YEAR(?x) >= 1289 && YEAR(?x) <=2677) }},What was the award won by Cream That wasn't introduced in between 1289 and 2677 ,num
SELECT ?answer WHERE { wd:Q203736 wdt:P166 ?answer . MINUS { ?answer wdt:P1619 ?x FILTER(YEAR(?x) >= 2677) }},What was the award won by Cream That wasn't introduced in after 2677 ,num
SELECT ?answer WHERE { wd:Q203736 wdt:P166 ?answer . MINUS { ?answer wdt:P1619 ?x FILTER(YEAR(?x) <= 1289) }},What was the award won by Cream That wasn't introduced in before 1289 ,num
SELECT ?answer WHERE { wd:Q853477 wdt:P36 ?answer . MINUS { ?answer wdt:P473 ?x FILTER(xsd:float(?x) >= 66 && xsd:float(?x) <=75) }},Which county Seat of Lan Xang doesn't have STD code of 071,num
SELECT ?answer WHERE { wd:Q853477 wdt:P36 ?answer . MINUS { ?answer wdt:P473 ?x FILTER(xsd:float(?x) >= 75) }},Which county Seat of Lan Xang doesn't have STD code of 071,num
SELECT ?answer WHERE { wd:Q853477 wdt:P36 ?answer . MINUS { ?answer wdt:P473 ?x FILTER(xsd:float(?x) <= 66) }},Which county Seat of Lan Xang doesn't have STD code of 071,num
SELECT ?answer WHERE { wd:Q853477 wdt:P36 ?answer . MINUS { ?answer wdt:P473 ?x FILTER(xsd:float(?x) >= 61 && xsd:float(?x) <=80) }},Which county Seat of Lan Xang doesn't have STD code of 071,num
SELECT ?answer WHERE { wd:Q853477 wdt:P36 ?answer . MINUS { ?answer wdt:P473 ?x FILTER(xsd:float(?x) >= 80) }},Which county Seat of Lan Xang doesn't have STD code of 071,num
SELECT ?answer WHERE { wd:Q853477 wdt:P36 ?answer . MINUS { ?answer wdt:P473 ?x FILTER(xsd:float(?x) <= 61) }},Which county Seat of Lan Xang doesn't have STD code of 071,num
SELECT ?answer WHERE { wd:Q853477 wdt:P36 ?answer . MINUS { ?answer wdt:P473 ?x FILTER(xsd:float(?x) >= 56 && xsd:float(?x) <=85) }},Which county Seat of Lan Xang doesn't have STD code of 071,num
SELECT ?answer WHERE { wd:Q853477 wdt:P36 ?answer . MINUS { ?answer wdt:P473 ?x FILTER(xsd:float(?x) >= 85) }},Which county Seat of Lan Xang doesn't have STD code of 071,num
SELECT ?answer WHERE { wd:Q853477 wdt:P36 ?answer . MINUS { ?answer wdt:P473 ?x FILTER(xsd:float(?x) <= 56) }},Which county Seat of Lan Xang doesn't have STD code of 071,num
SELECT ?answer WHERE { wd:Q853477 wdt:P36 ?answer . MINUS { ?answer wdt:P473 ?x FILTER(xsd:float(?x) >= 51 && xsd:float(?x) <=90) }},Which county Seat of Lan Xang doesn't have STD code of 071,num
SELECT ?answer WHERE { wd:Q853477 wdt:P36 ?answer . MINUS { ?answer wdt:P473 ?x FILTER(xsd:float(?x) >= 90) }},Which county Seat of Lan Xang doesn't have STD code of 071,num
SELECT ?answer WHERE { wd:Q853477 wdt:P36 ?answer . MINUS { ?answer wdt:P473 ?x FILTER(xsd:float(?x) <= 51) }},Which county Seat of Lan Xang doesn't have STD code of 071,num
SELECT ?answer WHERE { wd:Q853477 wdt:P36 ?answer . MINUS { ?answer wdt:P473 ?x FILTER(xsd:float(?x) >= 46 && xsd:float(?x) <=95) }},Which county Seat of Lan Xang doesn't have STD code of 071,num
SELECT ?answer WHERE { wd:Q853477 wdt:P36 ?answer . MINUS { ?answer wdt:P473 ?x FILTER(xsd:float(?x) >= 95) }},Which county Seat of Lan Xang doesn't have STD code of 071,num
SELECT ?answer WHERE { wd:Q853477 wdt:P36 ?answer . MINUS { ?answer wdt:P473 ?x FILTER(xsd:float(?x) <= 46) }},Which county Seat of Lan Xang doesn't have STD code of 071,num
SELECT ?answer WHERE { wd:Q559321 wdt:P161 ?answer . MINUS { ?answer wdt:P569 ?x FILTER(YEAR(?x) >= 1813 && YEAR(?x) <=2085) }},Who is in the film Miami Vice That wasn't born on December between 1813 and 2085 ,num
SELECT ?answer WHERE { wd:Q559321 wdt:P161 ?answer . MINUS { ?answer wdt:P569 ?x FILTER(YEAR(?x) >= 2085) }},Who is in the film Miami Vice That wasn't born on December after 2085 ,num
SELECT ?answer WHERE { wd:Q559321 wdt:P161 ?answer . MINUS { ?answer wdt:P569 ?x FILTER(YEAR(?x) <= 1813) }},Who is in the film Miami Vice That wasn't born on December before 1813 ,num
SELECT ?answer WHERE { wd:Q559321 wdt:P161 ?answer . MINUS { ?answer wdt:P569 ?x FILTER(YEAR(?x) >= 1676 && YEAR(?x) <=2221) }},Who is in the film Miami Vice That wasn't born on December between 1676 and 2221 ,num
SELECT ?answer WHERE { wd:Q559321 wdt:P161 ?answer . MINUS { ?answer wdt:P569 ?x FILTER(YEAR(?x) >= 2221) }},Who is in the film Miami Vice That wasn't born on December after 2221 ,num
SELECT ?answer WHERE { wd:Q559321 wdt:P161 ?answer . MINUS { ?answer wdt:P569 ?x FILTER(YEAR(?x) <= 1676) }},Who is in the film Miami Vice That wasn't born on December before 1676 ,num
SELECT ?answer WHERE { wd:Q559321 wdt:P161 ?answer . MINUS { ?answer wdt:P569 ?x FILTER(YEAR(?x) >= 1540 && YEAR(?x) <=2358) }},Who is in the film Miami Vice That wasn't born on December between 1540 and 2358 ,num
SELECT ?answer WHERE { wd:Q559321 wdt:P161 ?answer . MINUS { ?answer wdt:P569 ?x FILTER(YEAR(?x) >= 2358) }},Who is in the film Miami Vice That wasn't born on December after 2358 ,num
SELECT ?answer WHERE { wd:Q559321 wdt:P161 ?answer . MINUS { ?answer wdt:P569 ?x FILTER(YEAR(?x) <= 1540) }},Who is in the film Miami Vice That wasn't born on December before 1540 ,num
SELECT ?answer WHERE { wd:Q559321 wdt:P161 ?answer . MINUS { ?answer wdt:P569 ?x FILTER(YEAR(?x) >= 1403 && YEAR(?x) <=2494) }},Who is in the film Miami Vice That wasn't born on December between 1403 and 2494 ,num
SELECT ?answer WHERE { wd:Q559321 wdt:P161 ?answer . MINUS { ?answer wdt:P569 ?x FILTER(YEAR(?x) >= 2494) }},Who is in the film Miami Vice That wasn't born on December after 2494 ,num
SELECT ?answer WHERE { wd:Q559321 wdt:P161 ?answer . MINUS { ?answer wdt:P569 ?x FILTER(YEAR(?x) <= 1403) }},Who is in the film Miami Vice That wasn't born on December before 1403 ,num
SELECT ?answer WHERE { wd:Q559321 wdt:P161 ?answer . MINUS { ?answer wdt:P569 ?x FILTER(YEAR(?x) >= 1267 && YEAR(?x) <=2631) }},Who is in the film Miami Vice That wasn't born on December between 1267 and 2631 ,num
SELECT ?answer WHERE { wd:Q559321 wdt:P161 ?answer . MINUS { ?answer wdt:P569 ?x FILTER(YEAR(?x) >= 2631) }},Who is in the film Miami Vice That wasn't born on December after 2631 ,num
SELECT ?answer WHERE { wd:Q559321 wdt:P161 ?answer . MINUS { ?answer wdt:P569 ?x FILTER(YEAR(?x) <= 1267) }},Who is in the film Miami Vice That wasn't born on December before 1267 ,num
SELECT ?answer WHERE { wd:Q80440 wdt:P737 ?answer . MINUS { ?answer wdt:P569 ?x FILTER(YEAR(?x) >= 1673 && YEAR(?x) <=1924) }},Who influenced Anna Akhmatova Who wasn't born on May 26th 1799,num
SELECT ?answer WHERE { wd:Q80440 wdt:P737 ?answer . MINUS { ?answer wdt:P569 ?x FILTER(YEAR(?x) >= 1924) }},Who influenced Anna Akhmatova Who wasn't born on May 26th 1799,num
SELECT ?answer WHERE { wd:Q80440 wdt:P737 ?answer . MINUS { ?answer wdt:P569 ?x FILTER(YEAR(?x) <= 1673) }},Who influenced Anna Akhmatova Who wasn't born on May 26th 1799,num
SELECT ?answer WHERE { wd:Q80440 wdt:P737 ?answer . MINUS { ?answer wdt:P569 ?x FILTER(YEAR(?x) >= 1547 && YEAR(?x) <=2050) }},Who influenced Anna Akhmatova Who wasn't born on May 26th 1799,num
SELECT ?answer WHERE { wd:Q80440 wdt:P737 ?answer . MINUS { ?answer wdt:P569 ?x FILTER(YEAR(?x) >= 2050) }},Who influenced Anna Akhmatova Who wasn't born on May 26th 1799,num
SELECT ?answer WHERE { wd:Q80440 wdt:P737 ?answer . MINUS { ?answer wdt:P569 ?x FILTER(YEAR(?x) <= 1547) }},Who influenced Anna Akhmatova Who wasn't born on May 26th 1799,num
SELECT ?answer WHERE { wd:Q80440 wdt:P737 ?answer . MINUS { ?answer wdt:P569 ?x FILTER(YEAR(?x) >= 1421 && YEAR(?x) <=2176) }},Who influenced Anna Akhmatova Who wasn't born on May 26th 1799,num
SELECT ?answer WHERE { wd:Q80440 wdt:P737 ?answer . MINUS { ?answer wdt:P569 ?x FILTER(YEAR(?x) >= 2176) }},Who influenced Anna Akhmatova Who wasn't born on May 26th 1799,num
SELECT ?answer WHERE { wd:Q80440 wdt:P737 ?answer . MINUS { ?answer wdt:P569 ?x FILTER(YEAR(?x) <= 1421) }},Who influenced Anna Akhmatova Who wasn't born on May 26th 1799,num
SELECT ?answer WHERE { wd:Q80440 wdt:P737 ?answer . MINUS { ?answer wdt:P569 ?x FILTER(YEAR(?x) >= 1295 && YEAR(?x) <=2302) }},Who influenced Anna Akhmatova Who wasn't born on May 26th 1799,num
SELECT ?answer WHERE { wd:Q80440 wdt:P737 ?answer . MINUS { ?answer wdt:P569 ?x FILTER(YEAR(?x) >= 2302) }},Who influenced Anna Akhmatova Who wasn't born on May 26th 1799,num
SELECT ?answer WHERE { wd:Q80440 wdt:P737 ?answer . MINUS { ?answer wdt:P569 ?x FILTER(YEAR(?x) <= 1295) }},Who influenced Anna Akhmatova Who wasn't born on May 26th 1799,num
SELECT ?answer WHERE { wd:Q80440 wdt:P737 ?answer . MINUS { ?answer wdt:P569 ?x FILTER(YEAR(?x) >= 1169 && YEAR(?x) <=2428) }},Who influenced Anna Akhmatova Who wasn't born on May 26th 1799,num
SELECT ?answer WHERE { wd:Q80440 wdt:P737 ?answer . MINUS { ?answer wdt:P569 ?x FILTER(YEAR(?x) >= 2428) }},Who influenced Anna Akhmatova Who wasn't born on May 26th 1799,num
SELECT ?answer WHERE { wd:Q80440 wdt:P737 ?answer . MINUS { ?answer wdt:P569 ?x FILTER(YEAR(?x) <= 1169) }},Who influenced Anna Akhmatova Who wasn't born on May 26th 1799,num
SELECT ?answer WHERE { wd:Q1674067 wdt:P131 ?answer . MINUS { ?answer wdt:P1082 ?x FILTER(xsd:float(?x) >= 6325 && xsd:float(?x) <=7277) }},What City of Isla Grande de Tierra del Fuego doesn't have 6801 inhabitants,num
SELECT ?answer WHERE { wd:Q1674067 wdt:P131 ?answer . MINUS { ?answer wdt:P1082 ?x FILTER(xsd:float(?x) >= 7277) }},What City of Isla Grande de Tierra del Fuego doesn't have 6801 inhabitants,num
SELECT ?answer WHERE { wd:Q1674067 wdt:P131 ?answer . MINUS { ?answer wdt:P1082 ?x FILTER(xsd:float(?x) <= 6325) }},What City of Isla Grande de Tierra del Fuego doesn't have 6801 inhabitants,num
SELECT ?answer WHERE { wd:Q1674067 wdt:P131 ?answer . MINUS { ?answer wdt:P1082 ?x FILTER(xsd:float(?x) >= 5849 && xsd:float(?x) <=7753) }},What City of Isla Grande de Tierra del Fuego doesn't have 6801 inhabitants,num
SELECT ?answer WHERE { wd:Q1674067 wdt:P131 ?answer . MINUS { ?answer wdt:P1082 ?x FILTER(xsd:float(?x) >= 7753) }},What City of Isla Grande de Tierra del Fuego doesn't have 6801 inhabitants,num
SELECT ?answer WHERE { wd:Q1674067 wdt:P131 ?answer . MINUS { ?answer wdt:P1082 ?x FILTER(xsd:float(?x) <= 5849) }},What City of Isla Grande de Tierra del Fuego doesn't have 6801 inhabitants,num
SELECT ?answer WHERE { wd:Q1674067 wdt:P131 ?answer . MINUS { ?answer wdt:P1082 ?x FILTER(xsd:float(?x) >= 5373 && xsd:float(?x) <=8229) }},What City of Isla Grande de Tierra del Fuego doesn't have 6801 inhabitants,num
SELECT ?answer WHERE { wd:Q1674067 wdt:P131 ?answer . MINUS { ?answer wdt:P1082 ?x FILTER(xsd:float(?x) >= 8229) }},What City of Isla Grande de Tierra del Fuego doesn't have 6801 inhabitants,num
SELECT ?answer WHERE { wd:Q1674067 wdt:P131 ?answer . MINUS { ?answer wdt:P1082 ?x FILTER(xsd:float(?x) <= 5373) }},What City of Isla Grande de Tierra del Fuego doesn't have 6801 inhabitants,num
SELECT ?answer WHERE { wd:Q1674067 wdt:P131 ?answer . MINUS { ?answer wdt:P1082 ?x FILTER(xsd:float(?x) >= 4897 && xsd:float(?x) <=8705) }},What City of Isla Grande de Tierra del Fuego doesn't have 6801 inhabitants,num
SELECT ?answer WHERE { wd:Q1674067 wdt:P131 ?answer . MINUS { ?answer wdt:P1082 ?x FILTER(xsd:float(?x) >= 8705) }},What City of Isla Grande de Tierra del Fuego doesn't have 6801 inhabitants,num
SELECT ?answer WHERE { wd:Q1674067 wdt:P131 ?answer . MINUS { ?answer wdt:P1082 ?x FILTER(xsd:float(?x) <= 4897) }},What City of Isla Grande de Tierra del Fuego doesn't have 6801 inhabitants,num
SELECT ?answer WHERE { wd:Q1674067 wdt:P131 ?answer . MINUS { ?answer wdt:P1082 ?x FILTER(xsd:float(?x) >= 4421 && xsd:float(?x) <=9181) }},What City of Isla Grande de Tierra del Fuego doesn't have 6801 inhabitants,num
SELECT ?answer WHERE { wd:Q1674067 wdt:P131 ?answer . MINUS { ?answer wdt:P1082 ?x FILTER(xsd:float(?x) >= 9181) }},What City of Isla Grande de Tierra del Fuego doesn't have 6801 inhabitants,num
SELECT ?answer WHERE { wd:Q1674067 wdt:P131 ?answer . MINUS { ?answer wdt:P1082 ?x FILTER(xsd:float(?x) <= 4421) }},What City of Isla Grande de Tierra del Fuego doesn't have 6801 inhabitants,num
SELECT ?answer WHERE { wd:Q337594 wdt:P178 ?answer . MINUS { ?answer wdt:P625 ?x FILTER(xsd:float(?x) >= 46.078896 && xsd:float(?x) <=53.01550399999999) }},What product is developed by Advanced Audio Coding That doesn't have a World Geodetic System of 84 by between 46.078896 and 53.01550399999999 ,num
SELECT ?answer WHERE { wd:Q337594 wdt:P178 ?answer . MINUS { ?answer wdt:P625 ?x FILTER(xsd:float(?x) >= 53.01550399999999) }},What product is developed by Advanced Audio Coding That doesn't have a World Geodetic System of 84 by greater than 53.01550399999999 ,num
SELECT ?answer WHERE { wd:Q337594 wdt:P178 ?answer . MINUS { ?answer wdt:P625 ?x FILTER(xsd:float(?x) <= 46.078896) }},What product is developed by Advanced Audio Coding That doesn't have a World Geodetic System of 84 by less than 46.078896 ,num
SELECT ?answer WHERE { wd:Q337594 wdt:P178 ?answer . MINUS { ?answer wdt:P625 ?x FILTER(xsd:float(?x) >= 42.610592 && xsd:float(?x) <=56.483807999999996) }},What product is developed by Advanced Audio Coding That doesn't have a World Geodetic System of 84 by between 42.610592 and 56.483807999999996 ,num
SELECT ?answer WHERE { wd:Q337594 wdt:P178 ?answer . MINUS { ?answer wdt:P625 ?x FILTER(xsd:float(?x) >= 56.483807999999996) }},What product is developed by Advanced Audio Coding That doesn't have a World Geodetic System of 84 by greater than 56.483807999999996 ,num
SELECT ?answer WHERE { wd:Q337594 wdt:P178 ?answer . MINUS { ?answer wdt:P625 ?x FILTER(xsd:float(?x) <= 42.610592) }},What product is developed by Advanced Audio Coding That doesn't have a World Geodetic System of 84 by less than 42.610592 ,num
SELECT ?answer WHERE { wd:Q337594 wdt:P178 ?answer . MINUS { ?answer wdt:P625 ?x FILTER(xsd:float(?x) >= 39.14228799999999 && xsd:float(?x) <=59.952112) }},What product is developed by Advanced Audio Coding That doesn't have a World Geodetic System of 84 by between 39.14228799999999 and 59.952112 ,num
SELECT ?answer WHERE { wd:Q337594 wdt:P178 ?answer . MINUS { ?answer wdt:P625 ?x FILTER(xsd:float(?x) >= 59.952112) }},What product is developed by Advanced Audio Coding That doesn't have a World Geodetic System of 84 by greater than 59.952112 ,num
SELECT ?answer WHERE { wd:Q337594 wdt:P178 ?answer . MINUS { ?answer wdt:P625 ?x FILTER(xsd:float(?x) <= 39.14228799999999) }},What product is developed by Advanced Audio Coding That doesn't have a World Geodetic System of 84 by less than 39.14228799999999 ,num
SELECT ?answer WHERE { wd:Q337594 wdt:P178 ?answer . MINUS { ?answer wdt:P625 ?x FILTER(xsd:float(?x) >= 35.673984 && xsd:float(?x) <=63.420415999999996) }},What product is developed by Advanced Audio Coding That doesn't have a World Geodetic System of 84 by between 35.673984 and 63.420415999999996 ,num
SELECT ?answer WHERE { wd:Q337594 wdt:P178 ?answer . MINUS { ?answer wdt:P625 ?x FILTER(xsd:float(?x) >= 63.420415999999996) }},What product is developed by Advanced Audio Coding That doesn't have a World Geodetic System of 84 by greater than 63.420415999999996 ,num
SELECT ?answer WHERE { wd:Q337594 wdt:P178 ?answer . MINUS { ?answer wdt:P625 ?x FILTER(xsd:float(?x) <= 35.673984) }},What product is developed by Advanced Audio Coding That doesn't have a World Geodetic System of 84 by less than 35.673984 ,num
SELECT ?answer WHERE { wd:Q337594 wdt:P178 ?answer . MINUS { ?answer wdt:P625 ?x FILTER(xsd:float(?x) >= 32.20568 && xsd:float(?x) <=66.88871999999999) }},What product is developed by Advanced Audio Coding That doesn't have a World Geodetic System of 84 by between 32.20568 and 66.88871999999999 ,num
SELECT ?answer WHERE { wd:Q337594 wdt:P178 ?answer . MINUS { ?answer wdt:P625 ?x FILTER(xsd:float(?x) >= 66.88871999999999) }},What product is developed by Advanced Audio Coding That doesn't have a World Geodetic System of 84 by greater than 66.88871999999999 ,num
SELECT ?answer WHERE { wd:Q337594 wdt:P178 ?answer . MINUS { ?answer wdt:P625 ?x FILTER(xsd:float(?x) <= 32.20568) }},What product is developed by Advanced Audio Coding That doesn't have a World Geodetic System of 84 by less than 32.20568 ,num
SELECT ?answer WHERE { wd:Q200223 wdt:P1336 ?answer . MINUS { ?answer wdt:P4841 ?x FILTER(xsd:float(?x) >= 2.15946 && xsd:float(?x) <=2.48454) }},What is being claimed by Alexandre Island That doesn't have a total fertility rate of between 2.15946 and 2.48454 ,num
SELECT ?answer WHERE { wd:Q200223 wdt:P1336 ?answer . MINUS { ?answer wdt:P4841 ?x FILTER(xsd:float(?x) >= 2.48454) }},What is being claimed by Alexandre Island That doesn't have a total fertility rate of greater than 2.48454 ,num
SELECT ?answer WHERE { wd:Q200223 wdt:P1336 ?answer . MINUS { ?answer wdt:P4841 ?x FILTER(xsd:float(?x) <= 2.15946) }},What is being claimed by Alexandre Island That doesn't have a total fertility rate of less than 2.15946 ,num
SELECT ?answer WHERE { wd:Q200223 wdt:P1336 ?answer . MINUS { ?answer wdt:P4841 ?x FILTER(xsd:float(?x) >= 1.99692 && xsd:float(?x) <=2.64708) }},What is being claimed by Alexandre Island That doesn't have a total fertility rate of between 1.99692 and 2.64708 ,num
SELECT ?answer WHERE { wd:Q200223 wdt:P1336 ?answer . MINUS { ?answer wdt:P4841 ?x FILTER(xsd:float(?x) >= 2.64708) }},What is being claimed by Alexandre Island That doesn't have a total fertility rate of greater than 2.64708 ,num
SELECT ?answer WHERE { wd:Q200223 wdt:P1336 ?answer . MINUS { ?answer wdt:P4841 ?x FILTER(xsd:float(?x) <= 1.99692) }},What is being claimed by Alexandre Island That doesn't have a total fertility rate of less than 1.99692 ,num
SELECT ?answer WHERE { wd:Q200223 wdt:P1336 ?answer . MINUS { ?answer wdt:P4841 ?x FILTER(xsd:float(?x) >= 1.8343800000000001 && xsd:float(?x) <=2.8096200000000002) }},What is being claimed by Alexandre Island That doesn't have a total fertility rate of between 1.8343800000000001 and 2.8096200000000002 ,num
SELECT ?answer WHERE { wd:Q200223 wdt:P1336 ?answer . MINUS { ?answer wdt:P4841 ?x FILTER(xsd:float(?x) >= 2.8096200000000002) }},What is being claimed by Alexandre Island That doesn't have a total fertility rate of greater than 2.8096200000000002 ,num
SELECT ?answer WHERE { wd:Q200223 wdt:P1336 ?answer . MINUS { ?answer wdt:P4841 ?x FILTER(xsd:float(?x) <= 1.8343800000000001) }},What is being claimed by Alexandre Island That doesn't have a total fertility rate of less than 1.8343800000000001 ,num
SELECT ?answer WHERE { wd:Q200223 wdt:P1336 ?answer . MINUS { ?answer wdt:P4841 ?x FILTER(xsd:float(?x) >= 1.67184 && xsd:float(?x) <=2.97216) }},What is being claimed by Alexandre Island That doesn't have a total fertility rate of between 1.67184 and 2.97216 ,num
SELECT ?answer WHERE { wd:Q200223 wdt:P1336 ?answer . MINUS { ?answer wdt:P4841 ?x FILTER(xsd:float(?x) >= 2.97216) }},What is being claimed by Alexandre Island That doesn't have a total fertility rate of greater than 2.97216 ,num
SELECT ?answer WHERE { wd:Q200223 wdt:P1336 ?answer . MINUS { ?answer wdt:P4841 ?x FILTER(xsd:float(?x) <= 1.67184) }},What is being claimed by Alexandre Island That doesn't have a total fertility rate of less than 1.67184 ,num
SELECT ?answer WHERE { wd:Q200223 wdt:P1336 ?answer . MINUS { ?answer wdt:P4841 ?x FILTER(xsd:float(?x) >= 1.5093 && xsd:float(?x) <=3.1347) }},What is being claimed by Alexandre Island That doesn't have a total fertility rate of between 1.5093 and 3.1347 ,num
SELECT ?answer WHERE { wd:Q200223 wdt:P1336 ?answer . MINUS { ?answer wdt:P4841 ?x FILTER(xsd:float(?x) >= 3.1347) }},What is being claimed by Alexandre Island That doesn't have a total fertility rate of greater than 3.1347 ,num
SELECT ?answer WHERE { wd:Q200223 wdt:P1336 ?answer . MINUS { ?answer wdt:P4841 ?x FILTER(xsd:float(?x) <= 1.5093) }},What is being claimed by Alexandre Island That doesn't have a total fertility rate of less than 1.5093 ,num
SELECT ?answer WHERE { wd:Q191073 wdt:P138 ?answer . MINUS { ?answer wdt:P569 ?x FILTER(YEAR(?x) >= 1729 && YEAR(?x) <=1989) }},Who created the etymology of Curie temperature and Doesn't have the birth date of between 1729 and 1989 ,num
SELECT ?answer WHERE { wd:Q191073 wdt:P138 ?answer . MINUS { ?answer wdt:P569 ?x FILTER(YEAR(?x) >= 1989) }},Who created the etymology of Curie temperature and Doesn't have the birth date of after 1989 ,num
SELECT ?answer WHERE { wd:Q191073 wdt:P138 ?answer . MINUS { ?answer wdt:P569 ?x FILTER(YEAR(?x) <= 1729) }},Who created the etymology of Curie temperature and Doesn't have the birth date of before 1729 ,num
SELECT ?answer WHERE { wd:Q191073 wdt:P138 ?answer . MINUS { ?answer wdt:P569 ?x FILTER(YEAR(?x) >= 1599 && YEAR(?x) <=2119) }},Who created the etymology of Curie temperature and Doesn't have the birth date of between 1599 and 2119 ,num
SELECT ?answer WHERE { wd:Q191073 wdt:P138 ?answer . MINUS { ?answer wdt:P569 ?x FILTER(YEAR(?x) >= 2119) }},Who created the etymology of Curie temperature and Doesn't have the birth date of after 2119 ,num
SELECT ?answer WHERE { wd:Q191073 wdt:P138 ?answer . MINUS { ?answer wdt:P569 ?x FILTER(YEAR(?x) <= 1599) }},Who created the etymology of Curie temperature and Doesn't have the birth date of before 1599 ,num
SELECT ?answer WHERE { wd:Q191073 wdt:P138 ?answer . MINUS { ?answer wdt:P569 ?x FILTER(YEAR(?x) >= 1469 && YEAR(?x) <=2249) }},Who created the etymology of Curie temperature and Doesn't have the birth date of between 1469 and 2249 ,num
SELECT ?answer WHERE { wd:Q191073 wdt:P138 ?answer . MINUS { ?answer wdt:P569 ?x FILTER(YEAR(?x) >= 2249) }},Who created the etymology of Curie temperature and Doesn't have the birth date of after 2249 ,num
SELECT ?answer WHERE { wd:Q191073 wdt:P138 ?answer . MINUS { ?answer wdt:P569 ?x FILTER(YEAR(?x) <= 1469) }},Who created the etymology of Curie temperature and Doesn't have the birth date of before 1469 ,num
SELECT ?answer WHERE { wd:Q191073 wdt:P138 ?answer . MINUS { ?answer wdt:P569 ?x FILTER(YEAR(?x) >= 1339 && YEAR(?x) <=2379) }},Who created the etymology of Curie temperature and Doesn't have the birth date of between 1339 and 2379 ,num
SELECT ?answer WHERE { wd:Q191073 wdt:P138 ?answer . MINUS { ?answer wdt:P569 ?x FILTER(YEAR(?x) >= 2379) }},Who created the etymology of Curie temperature and Doesn't have the birth date of after 2379 ,num
SELECT ?answer WHERE { wd:Q191073 wdt:P138 ?answer . MINUS { ?answer wdt:P569 ?x FILTER(YEAR(?x) <= 1339) }},Who created the etymology of Curie temperature and Doesn't have the birth date of before 1339 ,num
SELECT ?answer WHERE { wd:Q191073 wdt:P138 ?answer . MINUS { ?answer wdt:P569 ?x FILTER(YEAR(?x) >= 1208 && YEAR(?x) <=2509) }},Who created the etymology of Curie temperature and Doesn't have the birth date of between 1208 and 2509 ,num
SELECT ?answer WHERE { wd:Q191073 wdt:P138 ?answer . MINUS { ?answer wdt:P569 ?x FILTER(YEAR(?x) >= 2509) }},Who created the etymology of Curie temperature and Doesn't have the birth date of after 2509 ,num
SELECT ?answer WHERE { wd:Q191073 wdt:P138 ?answer . MINUS { ?answer wdt:P569 ?x FILTER(YEAR(?x) <= 1208) }},Who created the etymology of Curie temperature and Doesn't have the birth date of before 1208 ,num
SELECT ?answer WHERE { wd:Q11270 wdt:P1344 ?answer . MINUS { ?answer wdt:P580 ?x FILTER(YEAR(?x) >= 1798 && YEAR(?x) <=2068) }},What Competition involving Fulgencio Batista didn't begin on September between 1798 and 2068 ,num
SELECT ?answer WHERE { wd:Q11270 wdt:P1344 ?answer . MINUS { ?answer wdt:P580 ?x FILTER(YEAR(?x) >= 2068) }},What Competition involving Fulgencio Batista didn't begin on September after 2068 ,num
SELECT ?answer WHERE { wd:Q11270 wdt:P1344 ?answer . MINUS { ?answer wdt:P580 ?x FILTER(YEAR(?x) <= 1798) }},What Competition involving Fulgencio Batista didn't begin on September before 1798 ,num
SELECT ?answer WHERE { wd:Q11270 wdt:P1344 ?answer . MINUS { ?answer wdt:P580 ?x FILTER(YEAR(?x) >= 1663 && YEAR(?x) <=2203) }},What Competition involving Fulgencio Batista didn't begin on September between 1663 and 2203 ,num
SELECT ?answer WHERE { wd:Q11270 wdt:P1344 ?answer . MINUS { ?answer wdt:P580 ?x FILTER(YEAR(?x) >= 2203) }},What Competition involving Fulgencio Batista didn't begin on September after 2203 ,num
SELECT ?answer WHERE { wd:Q11270 wdt:P1344 ?answer . MINUS { ?answer wdt:P580 ?x FILTER(YEAR(?x) <= 1663) }},What Competition involving Fulgencio Batista didn't begin on September before 1663 ,num
SELECT ?answer WHERE { wd:Q11270 wdt:P1344 ?answer . MINUS { ?answer wdt:P580 ?x FILTER(YEAR(?x) >= 1527 && YEAR(?x) <=2338) }},What Competition involving Fulgencio Batista didn't begin on September between 1527 and 2338 ,num
SELECT ?answer WHERE { wd:Q11270 wdt:P1344 ?answer . MINUS { ?answer wdt:P580 ?x FILTER(YEAR(?x) >= 2338) }},What Competition involving Fulgencio Batista didn't begin on September after 2338 ,num
SELECT ?answer WHERE { wd:Q11270 wdt:P1344 ?answer . MINUS { ?answer wdt:P580 ?x FILTER(YEAR(?x) <= 1527) }},What Competition involving Fulgencio Batista didn't begin on September before 1527 ,num
SELECT ?answer WHERE { wd:Q11270 wdt:P1344 ?answer . MINUS { ?answer wdt:P580 ?x FILTER(YEAR(?x) >= 1392 && YEAR(?x) <=2474) }},What Competition involving Fulgencio Batista didn't begin on September between 1392 and 2474 ,num
SELECT ?answer WHERE { wd:Q11270 wdt:P1344 ?answer . MINUS { ?answer wdt:P580 ?x FILTER(YEAR(?x) >= 2474) }},What Competition involving Fulgencio Batista didn't begin on September after 2474 ,num
SELECT ?answer WHERE { wd:Q11270 wdt:P1344 ?answer . MINUS { ?answer wdt:P580 ?x FILTER(YEAR(?x) <= 1392) }},What Competition involving Fulgencio Batista didn't begin on September before 1392 ,num
SELECT ?answer WHERE { wd:Q11270 wdt:P1344 ?answer . MINUS { ?answer wdt:P580 ?x FILTER(YEAR(?x) >= 1256 && YEAR(?x) <=2609) }},What Competition involving Fulgencio Batista didn't begin on September between 1256 and 2609 ,num
SELECT ?answer WHERE { wd:Q11270 wdt:P1344 ?answer . MINUS { ?answer wdt:P580 ?x FILTER(YEAR(?x) >= 2609) }},What Competition involving Fulgencio Batista didn't begin on September after 2609 ,num
SELECT ?answer WHERE { wd:Q11270 wdt:P1344 ?answer . MINUS { ?answer wdt:P580 ?x FILTER(YEAR(?x) <= 1256) }},What Competition involving Fulgencio Batista didn't begin on September before 1256 ,num
SELECT ?answer WHERE { wd:Q6745 wdt:P517 ?answer . MINUS { ?answer wdt:P1036 ?x FILTER(xsd:float(?x) >= 501.97159200000004 && xsd:float(?x) <=577.5372080000001) }},What is the interaction of down quark That doesn't have Q48460 of between 501.97159200000004 and 577.5372080000001 ,num
SELECT ?answer WHERE { wd:Q6745 wdt:P517 ?answer . MINUS { ?answer wdt:P1036 ?x FILTER(xsd:float(?x) >= 577.5372080000001) }},What is the interaction of down quark That doesn't have Q48460 of greater than 577.5372080000001 ,num
SELECT ?answer WHERE { wd:Q6745 wdt:P517 ?answer . MINUS { ?answer wdt:P1036 ?x FILTER(xsd:float(?x) <= 501.97159200000004) }},What is the interaction of down quark That doesn't have Q48460 of less than 501.97159200000004 ,num
SELECT ?answer WHERE { wd:Q6745 wdt:P517 ?answer . MINUS { ?answer wdt:P1036 ?x FILTER(xsd:float(?x) >= 464.18878400000006 && xsd:float(?x) <=615.320016) }},What is the interaction of down quark That doesn't have Q48460 of between 464.18878400000006 and 615.320016 ,num
SELECT ?answer WHERE { wd:Q6745 wdt:P517 ?answer . MINUS { ?answer wdt:P1036 ?x FILTER(xsd:float(?x) >= 615.320016) }},What is the interaction of down quark That doesn't have Q48460 of greater than 615.320016 ,num
SELECT ?answer WHERE { wd:Q6745 wdt:P517 ?answer . MINUS { ?answer wdt:P1036 ?x FILTER(xsd:float(?x) <= 464.18878400000006) }},What is the interaction of down quark That doesn't have Q48460 of less than 464.18878400000006 ,num
SELECT ?answer WHERE { wd:Q6745 wdt:P517 ?answer . MINUS { ?answer wdt:P1036 ?x FILTER(xsd:float(?x) >= 426.405976 && xsd:float(?x) <=653.102824) }},What is the interaction of down quark That doesn't have Q48460 of between 426.405976 and 653.102824 ,num
SELECT ?answer WHERE { wd:Q6745 wdt:P517 ?answer . MINUS { ?answer wdt:P1036 ?x FILTER(xsd:float(?x) >= 653.102824) }},What is the interaction of down quark That doesn't have Q48460 of greater than 653.102824 ,num
SELECT ?answer WHERE { wd:Q6745 wdt:P517 ?answer . MINUS { ?answer wdt:P1036 ?x FILTER(xsd:float(?x) <= 426.405976) }},What is the interaction of down quark That doesn't have Q48460 of less than 426.405976 ,num
SELECT ?answer WHERE { wd:Q6745 wdt:P517 ?answer . MINUS { ?answer wdt:P1036 ?x FILTER(xsd:float(?x) >= 388.623168 && xsd:float(?x) <=690.885632) }},What is the interaction of down quark That doesn't have Q48460 of between 388.623168 and 690.885632 ,num
SELECT ?answer WHERE { wd:Q6745 wdt:P517 ?answer . MINUS { ?answer wdt:P1036 ?x FILTER(xsd:float(?x) >= 690.885632) }},What is the interaction of down quark That doesn't have Q48460 of greater than 690.885632 ,num
SELECT ?answer WHERE { wd:Q6745 wdt:P517 ?answer . MINUS { ?answer wdt:P1036 ?x FILTER(xsd:float(?x) <= 388.623168) }},What is the interaction of down quark That doesn't have Q48460 of less than 388.623168 ,num
SELECT ?answer WHERE { wd:Q6745 wdt:P517 ?answer . MINUS { ?answer wdt:P1036 ?x FILTER(xsd:float(?x) >= 350.84036000000003 && xsd:float(?x) <=728.66844) }},What is the interaction of down quark That doesn't have Q48460 of between 350.84036000000003 and 728.66844 ,num
SELECT ?answer WHERE { wd:Q6745 wdt:P517 ?answer . MINUS { ?answer wdt:P1036 ?x FILTER(xsd:float(?x) >= 728.66844) }},What is the interaction of down quark That doesn't have Q48460 of greater than 728.66844 ,num
SELECT ?answer WHERE { wd:Q6745 wdt:P517 ?answer . MINUS { ?answer wdt:P1036 ?x FILTER(xsd:float(?x) <= 350.84036000000003) }},What is the interaction of down quark That doesn't have Q48460 of less than 350.84036000000003 ,num
SELECT ?answer WHERE { wd:Q222971 wdt:P138 ?answer . MINUS { ?answer wdt:P575 ?x FILTER(YEAR(?x) >= 1648 && YEAR(?x) <=1896) }},What is the etymology of the CNO cycle That doesn't have a date of discovery as between 1648 and 1896 ,num
SELECT ?answer WHERE { wd:Q222971 wdt:P138 ?answer . MINUS { ?answer wdt:P575 ?x FILTER(YEAR(?x) >= 1896) }},What is the etymology of the CNO cycle That doesn't have a date of discovery as after 1896 ,num
SELECT ?answer WHERE { wd:Q222971 wdt:P138 ?answer . MINUS { ?answer wdt:P575 ?x FILTER(YEAR(?x) <= 1648) }},What is the etymology of the CNO cycle That doesn't have a date of discovery as before 1648 ,num
SELECT ?answer WHERE { wd:Q222971 wdt:P138 ?answer . MINUS { ?answer wdt:P575 ?x FILTER(YEAR(?x) >= 1524 && YEAR(?x) <=2020) }},What is the etymology of the CNO cycle That doesn't have a date of discovery as between 1524 and 2020 ,num
SELECT ?answer WHERE { wd:Q222971 wdt:P138 ?answer . MINUS { ?answer wdt:P575 ?x FILTER(YEAR(?x) >= 2020) }},What is the etymology of the CNO cycle That doesn't have a date of discovery as after 2020 ,num
SELECT ?answer WHERE { wd:Q222971 wdt:P138 ?answer . MINUS { ?answer wdt:P575 ?x FILTER(YEAR(?x) <= 1524) }},What is the etymology of the CNO cycle That doesn't have a date of discovery as before 1524 ,num
SELECT ?answer WHERE { wd:Q222971 wdt:P138 ?answer . MINUS { ?answer wdt:P575 ?x FILTER(YEAR(?x) >= 1400 && YEAR(?x) <=2144) }},What is the etymology of the CNO cycle That doesn't have a date of discovery as between 1400 and 2144 ,num
SELECT ?answer WHERE { wd:Q222971 wdt:P138 ?answer . MINUS { ?answer wdt:P575 ?x FILTER(YEAR(?x) >= 2144) }},What is the etymology of the CNO cycle That doesn't have a date of discovery as after 2144 ,num
SELECT ?answer WHERE { wd:Q222971 wdt:P138 ?answer . MINUS { ?answer wdt:P575 ?x FILTER(YEAR(?x) <= 1400) }},What is the etymology of the CNO cycle That doesn't have a date of discovery as before 1400 ,num
SELECT ?answer WHERE { wd:Q222971 wdt:P138 ?answer . MINUS { ?answer wdt:P575 ?x FILTER(YEAR(?x) >= 1276 && YEAR(?x) <=2268) }},What is the etymology of the CNO cycle That doesn't have a date of discovery as between 1276 and 2268 ,num
SELECT ?answer WHERE { wd:Q222971 wdt:P138 ?answer . MINUS { ?answer wdt:P575 ?x FILTER(YEAR(?x) >= 2268) }},What is the etymology of the CNO cycle That doesn't have a date of discovery as after 2268 ,num
SELECT ?answer WHERE { wd:Q222971 wdt:P138 ?answer . MINUS { ?answer wdt:P575 ?x FILTER(YEAR(?x) <= 1276) }},What is the etymology of the CNO cycle That doesn't have a date of discovery as before 1276 ,num
SELECT ?answer WHERE { wd:Q222971 wdt:P138 ?answer . MINUS { ?answer wdt:P575 ?x FILTER(YEAR(?x) >= 1152 && YEAR(?x) <=2392) }},What is the etymology of the CNO cycle That doesn't have a date of discovery as between 1152 and 2392 ,num
SELECT ?answer WHERE { wd:Q222971 wdt:P138 ?answer . MINUS { ?answer wdt:P575 ?x FILTER(YEAR(?x) >= 2392) }},What is the etymology of the CNO cycle That doesn't have a date of discovery as after 2392 ,num
SELECT ?answer WHERE { wd:Q222971 wdt:P138 ?answer . MINUS { ?answer wdt:P575 ?x FILTER(YEAR(?x) <= 1152) }},What is the etymology of the CNO cycle That doesn't have a date of discovery as before 1152 ,num
SELECT ?answer WHERE { wd:Q184530 wdt:P937 ?answer . MINUS { ?answer wdt:P2046 ?x FILTER(xsd:float(?x) >= 86.5179 && xsd:float(?x) <=99.5421) }},What work Location of Gerolamo Cardano doesn't have a surface area of between 86.5179 and 99.5421 ,num
SELECT ?answer WHERE { wd:Q184530 wdt:P937 ?answer . MINUS { ?answer wdt:P2046 ?x FILTER(xsd:float(?x) >= 99.5421) }},What work Location of Gerolamo Cardano doesn't have a surface area of greater than 99.5421 ,num
SELECT ?answer WHERE { wd:Q184530 wdt:P937 ?answer . MINUS { ?answer wdt:P2046 ?x FILTER(xsd:float(?x) <= 86.5179) }},What work Location of Gerolamo Cardano doesn't have a surface area of less than 86.5179 ,num
SELECT ?answer WHERE { wd:Q184530 wdt:P937 ?answer . MINUS { ?answer wdt:P2046 ?x FILTER(xsd:float(?x) >= 80.0058 && xsd:float(?x) <=106.05420000000001) }},What work Location of Gerolamo Cardano doesn't have a surface area of between 80.0058 and 106.05420000000001 ,num
SELECT ?answer WHERE { wd:Q184530 wdt:P937 ?answer . MINUS { ?answer wdt:P2046 ?x FILTER(xsd:float(?x) >= 106.05420000000001) }},What work Location of Gerolamo Cardano doesn't have a surface area of greater than 106.05420000000001 ,num
SELECT ?answer WHERE { wd:Q184530 wdt:P937 ?answer . MINUS { ?answer wdt:P2046 ?x FILTER(xsd:float(?x) <= 80.0058) }},What work Location of Gerolamo Cardano doesn't have a surface area of less than 80.0058 ,num
SELECT ?answer WHERE { wd:Q184530 wdt:P937 ?answer . MINUS { ?answer wdt:P2046 ?x FILTER(xsd:float(?x) >= 73.49369999999999 && xsd:float(?x) <=112.56630000000001) }},What work Location of Gerolamo Cardano doesn't have a surface area of between 73.49369999999999 and 112.56630000000001 ,num
SELECT ?answer WHERE { wd:Q184530 wdt:P937 ?answer . MINUS { ?answer wdt:P2046 ?x FILTER(xsd:float(?x) >= 112.56630000000001) }},What work Location of Gerolamo Cardano doesn't have a surface area of greater than 112.56630000000001 ,num
SELECT ?answer WHERE { wd:Q184530 wdt:P937 ?answer . MINUS { ?answer wdt:P2046 ?x FILTER(xsd:float(?x) <= 73.49369999999999) }},What work Location of Gerolamo Cardano doesn't have a surface area of less than 73.49369999999999 ,num
SELECT ?answer WHERE { wd:Q184530 wdt:P937 ?answer . MINUS { ?answer wdt:P2046 ?x FILTER(xsd:float(?x) >= 66.9816 && xsd:float(?x) <=119.0784) }},What work Location of Gerolamo Cardano doesn't have a surface area of between 66.9816 and 119.0784 ,num
SELECT ?answer WHERE { wd:Q184530 wdt:P937 ?answer . MINUS { ?answer wdt:P2046 ?x FILTER(xsd:float(?x) >= 119.0784) }},What work Location of Gerolamo Cardano doesn't have a surface area of greater than 119.0784 ,num
SELECT ?answer WHERE { wd:Q184530 wdt:P937 ?answer . MINUS { ?answer wdt:P2046 ?x FILTER(xsd:float(?x) <= 66.9816) }},What work Location of Gerolamo Cardano doesn't have a surface area of less than 66.9816 ,num
SELECT ?answer WHERE { wd:Q184530 wdt:P937 ?answer . MINUS { ?answer wdt:P2046 ?x FILTER(xsd:float(?x) >= 60.4695 && xsd:float(?x) <=125.5905) }},What work Location of Gerolamo Cardano doesn't have a surface area of between 60.4695 and 125.5905 ,num
SELECT ?answer WHERE { wd:Q184530 wdt:P937 ?answer . MINUS { ?answer wdt:P2046 ?x FILTER(xsd:float(?x) >= 125.5905) }},What work Location of Gerolamo Cardano doesn't have a surface area of greater than 125.5905 ,num
SELECT ?answer WHERE { wd:Q184530 wdt:P937 ?answer . MINUS { ?answer wdt:P2046 ?x FILTER(xsd:float(?x) <= 60.4695) }},What work Location of Gerolamo Cardano doesn't have a surface area of less than 60.4695 ,num
SELECT ?answer WHERE { wd:Q209630 wdt:P138 ?answer . MINUS { ?answer wdt:P569 ?x FILTER(YEAR(?x) >= 1628 && YEAR(?x) <=1872) }},What was named for Herschel Space Observatory That doesn't have a birthday of between 1628 and 1872  1750,num
SELECT ?answer WHERE { wd:Q209630 wdt:P138 ?answer . MINUS { ?answer wdt:P569 ?x FILTER(YEAR(?x) >= 1872) }},What was named for Herschel Space Observatory That doesn't have a birthday of after 1872  1750,num
SELECT ?answer WHERE { wd:Q209630 wdt:P138 ?answer . MINUS { ?answer wdt:P569 ?x FILTER(YEAR(?x) <= 1628) }},What was named for Herschel Space Observatory That doesn't have a birthday of before 1628  1750,num
SELECT ?answer WHERE { wd:Q209630 wdt:P138 ?answer . MINUS { ?answer wdt:P569 ?x FILTER(YEAR(?x) >= 1505 && YEAR(?x) <=1995) }},What was named for Herschel Space Observatory That doesn't have a birthday of between 1505 and 1995  1750,num
SELECT ?answer WHERE { wd:Q209630 wdt:P138 ?answer . MINUS { ?answer wdt:P569 ?x FILTER(YEAR(?x) >= 1995) }},What was named for Herschel Space Observatory That doesn't have a birthday of after 1995  1750,num
SELECT ?answer WHERE { wd:Q209630 wdt:P138 ?answer . MINUS { ?answer wdt:P569 ?x FILTER(YEAR(?x) <= 1505) }},What was named for Herschel Space Observatory That doesn't have a birthday of before 1505  1750,num
SELECT ?answer WHERE { wd:Q209630 wdt:P138 ?answer . MINUS { ?answer wdt:P569 ?x FILTER(YEAR(?x) >= 1383 && YEAR(?x) <=2117) }},What was named for Herschel Space Observatory That doesn't have a birthday of between 1383 and 2117  1750,num
SELECT ?answer WHERE { wd:Q209630 wdt:P138 ?answer . MINUS { ?answer wdt:P569 ?x FILTER(YEAR(?x) >= 2117) }},What was named for Herschel Space Observatory That doesn't have a birthday of after 2117  1750,num
SELECT ?answer WHERE { wd:Q209630 wdt:P138 ?answer . MINUS { ?answer wdt:P569 ?x FILTER(YEAR(?x) <= 1383) }},What was named for Herschel Space Observatory That doesn't have a birthday of before 1383  1750,num
SELECT ?answer WHERE { wd:Q209630 wdt:P138 ?answer . MINUS { ?answer wdt:P569 ?x FILTER(YEAR(?x) >= 1260 && YEAR(?x) <=2240) }},What was named for Herschel Space Observatory That doesn't have a birthday of between 1260 and 2240  1750,num
SELECT ?answer WHERE { wd:Q209630 wdt:P138 ?answer . MINUS { ?answer wdt:P569 ?x FILTER(YEAR(?x) >= 2240) }},What was named for Herschel Space Observatory That doesn't have a birthday of after 2240  1750,num
SELECT ?answer WHERE { wd:Q209630 wdt:P138 ?answer . MINUS { ?answer wdt:P569 ?x FILTER(YEAR(?x) <= 1260) }},What was named for Herschel Space Observatory That doesn't have a birthday of before 1260  1750,num
SELECT ?answer WHERE { wd:Q209630 wdt:P138 ?answer . MINUS { ?answer wdt:P569 ?x FILTER(YEAR(?x) >= 1138 && YEAR(?x) <=2362) }},What was named for Herschel Space Observatory That doesn't have a birthday of between 1138 and 2362  1750,num
SELECT ?answer WHERE { wd:Q209630 wdt:P138 ?answer . MINUS { ?answer wdt:P569 ?x FILTER(YEAR(?x) >= 2362) }},What was named for Herschel Space Observatory That doesn't have a birthday of after 2362  1750,num
SELECT ?answer WHERE { wd:Q209630 wdt:P138 ?answer . MINUS { ?answer wdt:P569 ?x FILTER(YEAR(?x) <= 1138) }},What was named for Herschel Space Observatory That doesn't have a birthday of before 1138  1750,num
SELECT ?answer WHERE { wd:Q16574 wdt:P39 ?answer . MINUS { ?answer wdt:P571 ?x FILTER(YEAR(?x) >= 1793 && YEAR(?x) <=2062) }},What is the name of the office held by Chiang Kai shek That wasn't Introduced around 1928,num
SELECT ?answer WHERE { wd:Q16574 wdt:P39 ?answer . MINUS { ?answer wdt:P571 ?x FILTER(YEAR(?x) >= 2062) }},What is the name of the office held by Chiang Kai shek That wasn't Introduced around 1928,num
SELECT ?answer WHERE { wd:Q16574 wdt:P39 ?answer . MINUS { ?answer wdt:P571 ?x FILTER(YEAR(?x) <= 1793) }},What is the name of the office held by Chiang Kai shek That wasn't Introduced around 1928,num
SELECT ?answer WHERE { wd:Q16574 wdt:P39 ?answer . MINUS { ?answer wdt:P571 ?x FILTER(YEAR(?x) >= 1658 && YEAR(?x) <=2197) }},What is the name of the office held by Chiang Kai shek That wasn't Introduced around 1928,num
SELECT ?answer WHERE { wd:Q16574 wdt:P39 ?answer . MINUS { ?answer wdt:P571 ?x FILTER(YEAR(?x) >= 2197) }},What is the name of the office held by Chiang Kai shek That wasn't Introduced around 1928,num
SELECT ?answer WHERE { wd:Q16574 wdt:P39 ?answer . MINUS { ?answer wdt:P571 ?x FILTER(YEAR(?x) <= 1658) }},What is the name of the office held by Chiang Kai shek That wasn't Introduced around 1928,num
SELECT ?answer WHERE { wd:Q16574 wdt:P39 ?answer . MINUS { ?answer wdt:P571 ?x FILTER(YEAR(?x) >= 1523 && YEAR(?x) <=2332) }},What is the name of the office held by Chiang Kai shek That wasn't Introduced around 1928,num
SELECT ?answer WHERE { wd:Q16574 wdt:P39 ?answer . MINUS { ?answer wdt:P571 ?x FILTER(YEAR(?x) >= 2332) }},What is the name of the office held by Chiang Kai shek That wasn't Introduced around 1928,num
SELECT ?answer WHERE { wd:Q16574 wdt:P39 ?answer . MINUS { ?answer wdt:P571 ?x FILTER(YEAR(?x) <= 1523) }},What is the name of the office held by Chiang Kai shek That wasn't Introduced around 1928,num
SELECT ?answer WHERE { wd:Q16574 wdt:P39 ?answer . MINUS { ?answer wdt:P571 ?x FILTER(YEAR(?x) >= 1388 && YEAR(?x) <=2467) }},What is the name of the office held by Chiang Kai shek That wasn't Introduced around 1928,num
SELECT ?answer WHERE { wd:Q16574 wdt:P39 ?answer . MINUS { ?answer wdt:P571 ?x FILTER(YEAR(?x) >= 2467) }},What is the name of the office held by Chiang Kai shek That wasn't Introduced around 1928,num
SELECT ?answer WHERE { wd:Q16574 wdt:P39 ?answer . MINUS { ?answer wdt:P571 ?x FILTER(YEAR(?x) <= 1388) }},What is the name of the office held by Chiang Kai shek That wasn't Introduced around 1928,num
SELECT ?answer WHERE { wd:Q16574 wdt:P39 ?answer . MINUS { ?answer wdt:P571 ?x FILTER(YEAR(?x) >= 1253 && YEAR(?x) <=2602) }},What is the name of the office held by Chiang Kai shek That wasn't Introduced around 1928,num
SELECT ?answer WHERE { wd:Q16574 wdt:P39 ?answer . MINUS { ?answer wdt:P571 ?x FILTER(YEAR(?x) >= 2602) }},What is the name of the office held by Chiang Kai shek That wasn't Introduced around 1928,num
SELECT ?answer WHERE { wd:Q16574 wdt:P39 ?answer . MINUS { ?answer wdt:P571 ?x FILTER(YEAR(?x) <= 1253) }},What is the name of the office held by Chiang Kai shek That wasn't Introduced around 1928,num
SELECT ?answer WHERE { wd:Q1148503 wdt:P816 ?answer . MINUS { ?answer wdt:P1086 ?x FILTER(xsd:float(?x) >= 84 && xsd:float(?x) <=96) }},What decays to Uranium 238 Which doesn't have a proton number of 90,num
SELECT ?answer WHERE { wd:Q1148503 wdt:P816 ?answer . MINUS { ?answer wdt:P1086 ?x FILTER(xsd:float(?x) >= 96) }},What decays to Uranium 238 Which doesn't have a proton number of 90,num
SELECT ?answer WHERE { wd:Q1148503 wdt:P816 ?answer . MINUS { ?answer wdt:P1086 ?x FILTER(xsd:float(?x) <= 84) }},What decays to Uranium 238 Which doesn't have a proton number of 90,num
SELECT ?answer WHERE { wd:Q1148503 wdt:P816 ?answer . MINUS { ?answer wdt:P1086 ?x FILTER(xsd:float(?x) >= 78 && xsd:float(?x) <=102) }},What decays to Uranium 238 Which doesn't have a proton number of 90,num
SELECT ?answer WHERE { wd:Q1148503 wdt:P816 ?answer . MINUS { ?answer wdt:P1086 ?x FILTER(xsd:float(?x) >= 102) }},What decays to Uranium 238 Which doesn't have a proton number of 90,num
SELECT ?answer WHERE { wd:Q1148503 wdt:P816 ?answer . MINUS { ?answer wdt:P1086 ?x FILTER(xsd:float(?x) <= 78) }},What decays to Uranium 238 Which doesn't have a proton number of 90,num
SELECT ?answer WHERE { wd:Q1148503 wdt:P816 ?answer . MINUS { ?answer wdt:P1086 ?x FILTER(xsd:float(?x) >= 72 && xsd:float(?x) <=108) }},What decays to Uranium 238 Which doesn't have a proton number of 90,num
SELECT ?answer WHERE { wd:Q1148503 wdt:P816 ?answer . MINUS { ?answer wdt:P1086 ?x FILTER(xsd:float(?x) >= 108) }},What decays to Uranium 238 Which doesn't have a proton number of 90,num
SELECT ?answer WHERE { wd:Q1148503 wdt:P816 ?answer . MINUS { ?answer wdt:P1086 ?x FILTER(xsd:float(?x) <= 72) }},What decays to Uranium 238 Which doesn't have a proton number of 90,num
SELECT ?answer WHERE { wd:Q1148503 wdt:P816 ?answer . MINUS { ?answer wdt:P1086 ?x FILTER(xsd:float(?x) >= 65 && xsd:float(?x) <=115) }},What decays to Uranium 238 Which doesn't have a proton number of 90,num
SELECT ?answer WHERE { wd:Q1148503 wdt:P816 ?answer . MINUS { ?answer wdt:P1086 ?x FILTER(xsd:float(?x) >= 115) }},What decays to Uranium 238 Which doesn't have a proton number of 90,num
SELECT ?answer WHERE { wd:Q1148503 wdt:P816 ?answer . MINUS { ?answer wdt:P1086 ?x FILTER(xsd:float(?x) <= 65) }},What decays to Uranium 238 Which doesn't have a proton number of 90,num
SELECT ?answer WHERE { wd:Q1148503 wdt:P816 ?answer . MINUS { ?answer wdt:P1086 ?x FILTER(xsd:float(?x) >= 59 && xsd:float(?x) <=121) }},What decays to Uranium 238 Which doesn't have a proton number of 90,num
SELECT ?answer WHERE { wd:Q1148503 wdt:P816 ?answer . MINUS { ?answer wdt:P1086 ?x FILTER(xsd:float(?x) >= 121) }},What decays to Uranium 238 Which doesn't have a proton number of 90,num
SELECT ?answer WHERE { wd:Q1148503 wdt:P816 ?answer . MINUS { ?answer wdt:P1086 ?x FILTER(xsd:float(?x) <= 59) }},What decays to Uranium 238 Which doesn't have a proton number of 90,num
SELECT ?answer WHERE { wd:Q16980 wdt:P178 ?answer . MINUS { ?answer wdt:P576 ?x FILTER(YEAR(?x) >= 1860 && YEAR(?x) <=2140) }},What Isn't ARM architecture developing with an end date of between 1860 and 2140  1,num
SELECT ?answer WHERE { wd:Q16980 wdt:P178 ?answer . MINUS { ?answer wdt:P576 ?x FILTER(YEAR(?x) >= 2140) }},What Isn't ARM architecture developing with an end date of after 2140  1,num
SELECT ?answer WHERE { wd:Q16980 wdt:P178 ?answer . MINUS { ?answer wdt:P576 ?x FILTER(YEAR(?x) <= 1860) }},What Isn't ARM architecture developing with an end date of before 1860  1,num
SELECT ?answer WHERE { wd:Q16980 wdt:P178 ?answer . MINUS { ?answer wdt:P576 ?x FILTER(YEAR(?x) >= 1720 && YEAR(?x) <=2280) }},What Isn't ARM architecture developing with an end date of between 1720 and 2280  1,num
SELECT ?answer WHERE { wd:Q16980 wdt:P178 ?answer . MINUS { ?answer wdt:P576 ?x FILTER(YEAR(?x) >= 2280) }},What Isn't ARM architecture developing with an end date of after 2280  1,num
SELECT ?answer WHERE { wd:Q16980 wdt:P178 ?answer . MINUS { ?answer wdt:P576 ?x FILTER(YEAR(?x) <= 1720) }},What Isn't ARM architecture developing with an end date of before 1720  1,num
SELECT ?answer WHERE { wd:Q16980 wdt:P178 ?answer . MINUS { ?answer wdt:P576 ?x FILTER(YEAR(?x) >= 1580 && YEAR(?x) <=2420) }},What Isn't ARM architecture developing with an end date of between 1580 and 2420  1,num
SELECT ?answer WHERE { wd:Q16980 wdt:P178 ?answer . MINUS { ?answer wdt:P576 ?x FILTER(YEAR(?x) >= 2420) }},What Isn't ARM architecture developing with an end date of after 2420  1,num
SELECT ?answer WHERE { wd:Q16980 wdt:P178 ?answer . MINUS { ?answer wdt:P576 ?x FILTER(YEAR(?x) <= 1580) }},What Isn't ARM architecture developing with an end date of before 1580  1,num
SELECT ?answer WHERE { wd:Q16980 wdt:P178 ?answer . MINUS { ?answer wdt:P576 ?x FILTER(YEAR(?x) >= 1440 && YEAR(?x) <=2560) }},What Isn't ARM architecture developing with an end date of between 1440 and 2560  1,num
SELECT ?answer WHERE { wd:Q16980 wdt:P178 ?answer . MINUS { ?answer wdt:P576 ?x FILTER(YEAR(?x) >= 2560) }},What Isn't ARM architecture developing with an end date of after 2560  1,num
SELECT ?answer WHERE { wd:Q16980 wdt:P178 ?answer . MINUS { ?answer wdt:P576 ?x FILTER(YEAR(?x) <= 1440) }},What Isn't ARM architecture developing with an end date of before 1440  1,num
SELECT ?answer WHERE { wd:Q16980 wdt:P178 ?answer . MINUS { ?answer wdt:P576 ?x FILTER(YEAR(?x) >= 1300 && YEAR(?x) <=2700) }},What Isn't ARM architecture developing with an end date of between 1300 and 2700  1,num
SELECT ?answer WHERE { wd:Q16980 wdt:P178 ?answer . MINUS { ?answer wdt:P576 ?x FILTER(YEAR(?x) >= 2700) }},What Isn't ARM architecture developing with an end date of after 2700  1,num
SELECT ?answer WHERE { wd:Q16980 wdt:P178 ?answer . MINUS { ?answer wdt:P576 ?x FILTER(YEAR(?x) <= 1300) }},What Isn't ARM architecture developing with an end date of before 1300  1,num
SELECT ?answer WHERE { wd:Q170036 wdt:P47 ?answer . MINUS { ?answer wdt:P571 ?x FILTER(YEAR(?x) >= 1797 && YEAR(?x) <=2067) }},Which adjacent to Kyiv Oblast wasn't initiated on February between 1797 and 2067 ,num
SELECT ?answer WHERE { wd:Q170036 wdt:P47 ?answer . MINUS { ?answer wdt:P571 ?x FILTER(YEAR(?x) >= 2067) }},Which adjacent to Kyiv Oblast wasn't initiated on February after 2067 ,num
SELECT ?answer WHERE { wd:Q170036 wdt:P47 ?answer . MINUS { ?answer wdt:P571 ?x FILTER(YEAR(?x) <= 1797) }},Which adjacent to Kyiv Oblast wasn't initiated on February before 1797 ,num
SELECT ?answer WHERE { wd:Q170036 wdt:P47 ?answer . MINUS { ?answer wdt:P571 ?x FILTER(YEAR(?x) >= 1662 && YEAR(?x) <=2202) }},Which adjacent to Kyiv Oblast wasn't initiated on February between 1662 and 2202 ,num
SELECT ?answer WHERE { wd:Q170036 wdt:P47 ?answer . MINUS { ?answer wdt:P571 ?x FILTER(YEAR(?x) >= 2202) }},Which adjacent to Kyiv Oblast wasn't initiated on February after 2202 ,num
SELECT ?answer WHERE { wd:Q170036 wdt:P47 ?answer . MINUS { ?answer wdt:P571 ?x FILTER(YEAR(?x) <= 1662) }},Which adjacent to Kyiv Oblast wasn't initiated on February before 1662 ,num
SELECT ?answer WHERE { wd:Q170036 wdt:P47 ?answer . MINUS { ?answer wdt:P571 ?x FILTER(YEAR(?x) >= 1527 && YEAR(?x) <=2337) }},Which adjacent to Kyiv Oblast wasn't initiated on February between 1527 and 2337 ,num
SELECT ?answer WHERE { wd:Q170036 wdt:P47 ?answer . MINUS { ?answer wdt:P571 ?x FILTER(YEAR(?x) >= 2337) }},Which adjacent to Kyiv Oblast wasn't initiated on February after 2337 ,num
SELECT ?answer WHERE { wd:Q170036 wdt:P47 ?answer . MINUS { ?answer wdt:P571 ?x FILTER(YEAR(?x) <= 1527) }},Which adjacent to Kyiv Oblast wasn't initiated on February before 1527 ,num
SELECT ?answer WHERE { wd:Q170036 wdt:P47 ?answer . MINUS { ?answer wdt:P571 ?x FILTER(YEAR(?x) >= 1391 && YEAR(?x) <=2472) }},Which adjacent to Kyiv Oblast wasn't initiated on February between 1391 and 2472 ,num
SELECT ?answer WHERE { wd:Q170036 wdt:P47 ?answer . MINUS { ?answer wdt:P571 ?x FILTER(YEAR(?x) >= 2472) }},Which adjacent to Kyiv Oblast wasn't initiated on February after 2472 ,num
SELECT ?answer WHERE { wd:Q170036 wdt:P47 ?answer . MINUS { ?answer wdt:P571 ?x FILTER(YEAR(?x) <= 1391) }},Which adjacent to Kyiv Oblast wasn't initiated on February before 1391 ,num
SELECT ?answer WHERE { wd:Q170036 wdt:P47 ?answer . MINUS { ?answer wdt:P571 ?x FILTER(YEAR(?x) >= 1256 && YEAR(?x) <=2608) }},Which adjacent to Kyiv Oblast wasn't initiated on February between 1256 and 2608 ,num
SELECT ?answer WHERE { wd:Q170036 wdt:P47 ?answer . MINUS { ?answer wdt:P571 ?x FILTER(YEAR(?x) >= 2608) }},Which adjacent to Kyiv Oblast wasn't initiated on February after 2608 ,num
SELECT ?answer WHERE { wd:Q170036 wdt:P47 ?answer . MINUS { ?answer wdt:P571 ?x FILTER(YEAR(?x) <= 1256) }},Which adjacent to Kyiv Oblast wasn't initiated on February before 1256 ,num
